@timestamp,system.auth.ssh.event,system.auth.ssh.method,user.name,source.ip,source.geo.country_iso_code
"Jul 25, 2023 @ 02:36:01.000",0.0.0.0 (34.140.130.61[34.140.130.61]) - USER anonymous: no such,-,found,34.140.130.61,BE
"Jul 25, 2023 @ 01:15:59.000",Failed,password,root,101.42.25.236,CN
"Jul 25, 2023 @ 01:15:57.000",Failed,password,root,101.42.25.236,CN
"Jul 25, 2023 @ 01:15:55.000",Failed,password,root,101.42.25.236,CN
"Jul 25, 2023 @ 01:15:52.000",Failed,password,root,101.42.25.236,CN
"Jul 25, 2023 @ 01:15:49.000",Failed,password,root,101.42.25.236,CN
"Jul 24, 2023 @ 23:18:31.000",Failed,password, anna,165.22.8.159,US
"Jul 24, 2023 @ 23:18:29.000",Invalid,-,anna,165.22.8.159,US
"Jul 24, 2023 @ 23:12:49.000",Failed,password, boris,165.22.8.159,US
"Jul 24, 2023 @ 23:12:47.000",Invalid,-,boris,165.22.8.159,US
"Jul 24, 2023 @ 23:07:07.000",Failed,password,root,165.22.8.159,US
"Jul 24, 2023 @ 22:57:36.000",Invalid,-,wqmarlduiqkmgs,180.167.66.114,CN
"Jul 24, 2023 @ 22:00:35.000",Failed,password,root,218.92.0.56,CN
"Jul 24, 2023 @ 22:00:31.000",Failed,password,root,218.92.0.56,CN
"Jul 24, 2023 @ 22:00:26.000",Failed,password,root,218.92.0.56,CN
"Jul 24, 2023 @ 22:00:24.000",Failed,password,root,218.92.0.56,CN
"Jul 24, 2023 @ 22:00:22.000",Failed,password,root,218.92.0.56,CN
"Jul 24, 2023 @ 21:48:59.000",Failed,password,root,218.92.0.107,CN
"Jul 24, 2023 @ 21:48:56.000",Failed,password,root,218.92.0.107,CN
"Jul 24, 2023 @ 21:48:50.000",Failed,password,root,218.92.0.107,CN
"Jul 24, 2023 @ 21:48:47.000",Failed,password,root,218.92.0.107,CN
"Jul 24, 2023 @ 21:48:43.000",Failed,password,root,218.92.0.107,CN
"Jul 24, 2023 @ 21:13:04.000",Failed,password,root,218.92.0.107,CN
"Jul 24, 2023 @ 21:13:02.000",Failed,password,root,218.92.0.107,CN
"Jul 24, 2023 @ 21:12:55.000",Failed,password,root,218.92.0.107,CN
"Jul 24, 2023 @ 21:12:52.000",Failed,password,root,218.92.0.107,CN
"Jul 24, 2023 @ 21:12:48.000",Failed,password,root,218.92.0.107,CN
"Jul 24, 2023 @ 21:11:06.000",Failed,password,root,61.177.172.185,CN
"Jul 24, 2023 @ 21:11:02.000",Failed,password,root,61.177.172.185,CN
"Jul 24, 2023 @ 21:10:58.000",Failed,password,root,61.177.172.185,CN
"Jul 24, 2023 @ 21:10:55.000",Failed,password,root,61.177.172.185,CN
"Jul 24, 2023 @ 21:10:51.000",Failed,password,root,61.177.172.185,CN
"Jul 24, 2023 @ 21:00:54.000",Failed,password,root,218.92.0.107,CN
"Jul 24, 2023 @ 21:00:51.000",Failed,password,root,218.92.0.107,CN
"Jul 24, 2023 @ 21:00:45.000",Failed,password,root,218.92.0.107,CN
"Jul 24, 2023 @ 21:00:42.000",Failed,password,root,218.92.0.107,CN
"Jul 24, 2023 @ 21:00:38.000",Failed,password,root,218.92.0.107,CN
"Jul 24, 2023 @ 20:57:29.000",Failed,password,root,218.92.0.22,CN
"Jul 24, 2023 @ 20:57:25.000",Failed,password,root,218.92.0.22,CN
"Jul 24, 2023 @ 20:57:20.000",Failed,password,root,218.92.0.22,CN
"Jul 24, 2023 @ 20:57:14.000",Failed,password,root,218.92.0.22,CN
"Jul 24, 2023 @ 20:57:10.000",Failed,password,root,218.92.0.22,CN
"Jul 24, 2023 @ 20:46:46.000",Failed,password,root,61.177.172.185,CN
"Jul 24, 2023 @ 20:46:43.000",Failed,password,root,61.177.172.185,CN
"Jul 24, 2023 @ 20:46:38.000",Failed,password,root,61.177.172.185,CN
"Jul 24, 2023 @ 20:46:35.000",Failed,password,root,61.177.172.185,CN
"Jul 24, 2023 @ 20:46:32.000",Failed,password,root,61.177.172.185,CN
"Jul 24, 2023 @ 20:36:33.000",Failed,password,root,180.101.88.247,CN
"Jul 24, 2023 @ 20:36:30.000",Failed,password,root,180.101.88.247,CN
"Jul 24, 2023 @ 20:36:24.000",Failed,password,root,180.101.88.247,CN
"Jul 24, 2023 @ 20:36:21.000",Failed,password,root,180.101.88.247,CN
"Jul 24, 2023 @ 20:36:18.000",Failed,password,root,180.101.88.247,CN
"Jul 24, 2023 @ 20:34:24.000",Failed,password,root,185.224.128.142,NL
"Jul 24, 2023 @ 20:33:11.000",Failed,password,root,185.224.128.142,NL
"Jul 24, 2023 @ 20:31:47.000",Failed,password,root,185.224.128.142,NL
"Jul 24, 2023 @ 20:30:23.000",Failed,password,root,185.224.128.142,NL
"Jul 24, 2023 @ 20:29:04.000",Failed,password,root,185.224.128.142,NL
"Jul 24, 2023 @ 20:21:12.000",Failed,password,root,61.177.172.185,CN
"Jul 24, 2023 @ 20:21:09.000",Failed,password,root,61.177.172.185,CN
"Jul 24, 2023 @ 20:21:03.000",Failed,password,root,61.177.172.185,CN
"Jul 24, 2023 @ 20:21:00.000",Failed,password,root,61.177.172.185,CN
"Jul 24, 2023 @ 20:20:57.000",Failed,password,root,61.177.172.185,CN
"Jul 24, 2023 @ 20:12:19.000",Failed,password,root,218.92.0.31,CN
"Jul 24, 2023 @ 20:12:15.000",Failed,password,root,218.92.0.31,CN
"Jul 24, 2023 @ 20:12:10.000",Failed,password,root,218.92.0.31,CN
"Jul 24, 2023 @ 20:12:07.000",Failed,password,root,218.92.0.31,CN
"Jul 24, 2023 @ 20:12:03.000",Failed,password,root,218.92.0.31,CN
"Jul 24, 2023 @ 20:08:46.000",Failed,password, sftp,170.64.150.26,AU
"Jul 24, 2023 @ 20:08:43.000",Invalid,-,sftp,170.64.150.26,AU
"Jul 24, 2023 @ 20:08:27.000",Failed,password, elastic,170.64.150.26,AU
"Jul 24, 2023 @ 20:08:24.000",Invalid,-,elastic,170.64.150.26,AU
"Jul 24, 2023 @ 20:08:08.000",Failed,password,www-data,170.64.150.26,AU
"Jul 24, 2023 @ 20:04:20.000",Failed,password,root,218.92.0.76,CN
"Jul 24, 2023 @ 20:04:17.000",Failed,password,root,218.92.0.76,CN
"Jul 24, 2023 @ 20:04:12.000",Failed,password,root,218.92.0.76,CN
"Jul 24, 2023 @ 20:04:09.000",Failed,password,root,218.92.0.76,CN
"Jul 24, 2023 @ 20:04:05.000",Failed,password,root,218.92.0.76,CN
"Jul 24, 2023 @ 19:57:53.000",Failed,password, user,170.64.150.26,AU
"Jul 24, 2023 @ 19:57:51.000",Invalid,-,user,170.64.150.26,AU
"Jul 24, 2023 @ 19:57:35.000",Failed,password, amandabackup,170.64.150.26,AU
"Jul 24, 2023 @ 19:57:33.000",Invalid,-,amandabackup,170.64.150.26,AU
"Jul 24, 2023 @ 19:57:18.000",Failed,password,root,170.64.150.26,AU
"Jul 24, 2023 @ 19:57:14.000",Failed,password,root,218.92.0.31,CN
"Jul 24, 2023 @ 19:57:11.000",Failed,password,root,218.92.0.31,CN
"Jul 24, 2023 @ 19:57:06.000",Failed,password,root,218.92.0.31,CN
"Jul 24, 2023 @ 19:57:02.000",Failed,password,root,218.92.0.31,CN
"Jul 24, 2023 @ 19:57:00.000",Failed,password,mysql,170.64.150.26,AU
"Jul 24, 2023 @ 19:56:59.000",Failed,password,root,218.92.0.31,CN
"Jul 24, 2023 @ 19:46:43.000",Failed,password, user1,170.64.150.26,AU
"Jul 24, 2023 @ 19:46:41.000",Invalid,-,user1,170.64.150.26,AU
"Jul 24, 2023 @ 19:46:26.000",Failed,password, dolphin,170.64.150.26,AU
"Jul 24, 2023 @ 19:46:23.000",Invalid,-,dolphin,170.64.150.26,AU
"Jul 24, 2023 @ 19:43:02.000",Failed,password,root,218.92.0.56,CN
"Jul 24, 2023 @ 19:42:59.000",Failed,password,root,218.92.0.56,CN
"Jul 24, 2023 @ 19:42:54.000",Failed,password,root,218.92.0.56,CN
"Jul 24, 2023 @ 19:42:50.000",Failed,password,root,218.92.0.56,CN
"Jul 24, 2023 @ 19:42:47.000",Failed,password,root,218.92.0.56,CN
"Jul 24, 2023 @ 19:42:39.000",Failed,password,root,218.92.0.22,CN
"Jul 24, 2023 @ 19:42:36.000",Failed,password,root,218.92.0.22,CN
"Jul 24, 2023 @ 19:42:29.000",Failed,password,root,218.92.0.22,CN
"Jul 24, 2023 @ 19:42:27.000",Failed,password,root,218.92.0.22,CN
"Jul 24, 2023 @ 19:42:23.000",Failed,password,root,218.92.0.22,CN
"Jul 24, 2023 @ 19:36:26.000",Failed,password,root,218.92.0.108,CN
"Jul 24, 2023 @ 19:36:22.000",Failed,password,root,218.92.0.108,CN
"Jul 24, 2023 @ 19:36:16.000",Failed,password,root,218.92.0.108,CN
"Jul 24, 2023 @ 19:36:12.000",Failed,password,root,218.92.0.108,CN
"Jul 24, 2023 @ 19:36:11.000",Failed,password, mapr,170.64.150.26,AU
"Jul 24, 2023 @ 19:36:09.000",Invalid,-,mapr,170.64.150.26,AU
"Jul 24, 2023 @ 19:36:09.000",Failed,password,root,218.92.0.108,CN
"Jul 24, 2023 @ 19:35:53.000",Failed,password, oscar,170.64.150.26,AU
"Jul 24, 2023 @ 19:35:51.000",Invalid,-,oscar,170.64.150.26,AU
"Jul 24, 2023 @ 19:35:35.000",Failed,password, oracle,170.64.150.26,AU
"Jul 24, 2023 @ 19:35:32.000",Invalid,-,oracle,170.64.150.26,AU
"Jul 24, 2023 @ 19:26:38.000",Failed,password, anna,67.205.182.19,US
"Jul 24, 2023 @ 19:26:36.000",Invalid,-,anna,67.205.182.19,US
"Jul 24, 2023 @ 19:25:19.000",Failed,password, omsagent,170.64.150.26,AU
"Jul 24, 2023 @ 19:25:17.000",Invalid,-,omsagent,170.64.150.26,AU
"Jul 24, 2023 @ 19:24:59.000",Failed,password,uucp,170.64.150.26,AU
"Jul 24, 2023 @ 19:24:38.000",Failed,password,uucp,170.64.150.26,AU
"Jul 24, 2023 @ 19:24:35.000",Failed,password,root,180.101.88.247,CN
"Jul 24, 2023 @ 19:24:31.000",Failed,password,root,180.101.88.247,CN
"Jul 24, 2023 @ 19:24:27.000",Failed,password,root,180.101.88.247,CN
"Jul 24, 2023 @ 19:24:23.000",Failed,password,root,180.101.88.247,CN
"Jul 24, 2023 @ 19:24:19.000",Failed,password,root,180.101.88.247,CN
"Jul 24, 2023 @ 19:24:18.000",Failed,password,root,170.64.150.26,AU
"Jul 24, 2023 @ 19:21:45.000",Failed,password,root,218.92.0.76,CN
"Jul 24, 2023 @ 19:21:42.000",Failed,password,root,218.92.0.76,CN
"Jul 24, 2023 @ 19:21:38.000",Failed,password,root,218.92.0.76,CN
"Jul 24, 2023 @ 19:21:35.000",Failed,password,root,218.92.0.76,CN
"Jul 24, 2023 @ 19:21:32.000",Failed,password,root,218.92.0.76,CN
"Jul 24, 2023 @ 19:21:03.000",Failed,password, boris,67.205.182.19,US
"Jul 24, 2023 @ 19:21:01.000",Invalid,-,boris,67.205.182.19,US
"Jul 24, 2023 @ 19:15:29.000",Failed,password,root,67.205.182.19,US
"Jul 24, 2023 @ 19:05:25.000",Failed,password,root,61.177.172.185,CN
"Jul 24, 2023 @ 19:05:22.000",Failed,password,root,61.177.172.185,CN
"Jul 24, 2023 @ 19:05:17.000",Failed,password,root,61.177.172.185,CN
"Jul 24, 2023 @ 19:05:12.000",Failed,password,root,61.177.172.185,CN
"Jul 24, 2023 @ 19:05:10.000",Failed,password,root,61.177.172.185,CN
"Jul 24, 2023 @ 19:00:41.000",Failed,password,root,180.101.88.247,CN
"Jul 24, 2023 @ 19:00:38.000",Failed,password,root,180.101.88.247,CN
"Jul 24, 2023 @ 19:00:31.000",Failed,password,root,180.101.88.247,CN
"Jul 24, 2023 @ 19:00:27.000",Failed,password,root,180.101.88.247,CN
"Jul 24, 2023 @ 19:00:24.000",Failed,password,root,180.101.88.247,CN
"Jul 24, 2023 @ 18:59:32.000",Failed,password,root,218.92.0.76,CN
"Jul 24, 2023 @ 18:59:29.000",Failed,password,root,218.92.0.76,CN
"Jul 24, 2023 @ 18:59:24.000",Failed,password,root,218.92.0.76,CN
"Jul 24, 2023 @ 18:59:21.000",Failed,password,root,218.92.0.76,CN
"Jul 24, 2023 @ 18:59:17.000",Failed,password,root,218.92.0.76,CN
"Jul 24, 2023 @ 18:53:03.000",Failed,password,root,61.177.172.136,CN
"Jul 24, 2023 @ 18:52:59.000",Failed,password,root,61.177.172.136,CN
"Jul 24, 2023 @ 18:52:54.000",Failed,password,root,61.177.172.136,CN
"Jul 24, 2023 @ 18:52:51.000",Failed,password,root,61.177.172.136,CN
"Jul 24, 2023 @ 18:52:48.000",Failed,password,root,61.177.172.136,CN
"Jul 24, 2023 @ 18:52:09.000",Failed,password,root,218.92.0.24,CN
"Jul 24, 2023 @ 18:52:07.000",Failed,password,root,218.92.0.24,CN
"Jul 24, 2023 @ 18:52:02.000",Failed,password,root,218.92.0.24,CN
"Jul 24, 2023 @ 18:51:58.000",Failed,password,root,218.92.0.24,CN
"Jul 24, 2023 @ 18:51:55.000",Failed,password,root,218.92.0.24,CN
"Jul 24, 2023 @ 18:48:55.000",Failed,password,root,218.92.0.108,CN
"Jul 24, 2023 @ 18:48:45.000",Failed,password,root,218.92.0.108,CN
"Jul 24, 2023 @ 18:48:42.000",Failed,password,root,218.92.0.108,CN
"Jul 24, 2023 @ 18:48:38.000",Failed,password,root,218.92.0.108,CN
"Jul 24, 2023 @ 18:43:37.000",Failed,password,root,61.177.172.160,CN
"Jul 24, 2023 @ 18:43:34.000",Failed,password,root,61.177.172.160,CN
"Jul 24, 2023 @ 18:43:29.000",Failed,password,root,61.177.172.160,CN
"Jul 24, 2023 @ 18:43:26.000",Failed,password,root,61.177.172.160,CN
"Jul 24, 2023 @ 18:43:22.000",Failed,password,root,61.177.172.160,CN
"Jul 24, 2023 @ 18:36:53.000",Failed,password,root,218.92.0.108,CN
"Jul 24, 2023 @ 18:36:50.000",Failed,password,root,218.92.0.108,CN
"Jul 24, 2023 @ 18:36:46.000",Failed,password,root,218.92.0.108,CN
"Jul 24, 2023 @ 18:36:36.000",Failed,password,root,218.92.0.108,CN
"Jul 24, 2023 @ 18:36:32.000",Failed,password,root,218.92.0.108,CN
"Jul 24, 2023 @ 18:36:28.000",Failed,password,root,218.92.0.108,CN
"Jul 24, 2023 @ 18:29:07.000",Failed,password,root,218.92.0.22,CN
"Jul 24, 2023 @ 18:29:03.000",Failed,password,root,218.92.0.22,CN
"Jul 24, 2023 @ 18:28:55.000",Failed,password,root,218.92.0.22,CN
"Jul 24, 2023 @ 18:28:52.000",Failed,password,root,218.92.0.22,CN
"Jul 24, 2023 @ 18:28:49.000",Failed,password,root,218.92.0.22,CN
"Jul 24, 2023 @ 18:26:35.000",Failed,password, pi,151.61.74.107,IT
"Jul 24, 2023 @ 18:26:35.000",Failed,password, pi,151.61.74.107,IT
"Jul 24, 2023 @ 18:26:32.000",Invalid,-,pi,151.61.74.107,IT
"Jul 24, 2023 @ 18:26:32.000",Invalid,-,pi,151.61.74.107,IT
"Jul 24, 2023 @ 18:26:28.000",Failed,password,root,218.92.0.29,CN
"Jul 24, 2023 @ 18:26:25.000",Failed,password,root,218.92.0.29,CN
"Jul 24, 2023 @ 18:26:23.000",Failed,password,root,218.92.0.29,CN
"Jul 24, 2023 @ 18:26:15.000",Failed,password,root,218.92.0.29,CN
"Jul 24, 2023 @ 18:26:12.000",Failed,password,root,218.92.0.29,CN
"Jul 24, 2023 @ 18:26:09.000",Failed,password,root,218.92.0.29,CN
"Jul 24, 2023 @ 18:21:40.000",Failed,password,root,218.92.0.113,CN
"Jul 24, 2023 @ 18:21:37.000",Failed,password,root,218.92.0.113,CN
"Jul 24, 2023 @ 18:21:33.000",Failed,password,root,218.92.0.113,CN
"Jul 24, 2023 @ 18:21:29.000",Failed,password,root,218.92.0.113,CN
"Jul 24, 2023 @ 18:21:26.000",Failed,password,root,218.92.0.113,CN
"Jul 24, 2023 @ 18:14:15.000",Failed,password,root,61.177.172.160,CN
"Jul 24, 2023 @ 18:14:11.000",Failed,password,root,61.177.172.160,CN
"Jul 24, 2023 @ 18:14:06.000",Failed,password,root,61.177.172.160,CN
"Jul 24, 2023 @ 18:14:03.000",Failed,password,root,61.177.172.160,CN
"Jul 24, 2023 @ 18:13:59.000",Failed,password,root,61.177.172.160,CN
"Jul 24, 2023 @ 18:13:56.000",Failed,password, admin,107.179.43.178,US
"Jul 24, 2023 @ 18:13:54.000",Invalid,-,admin,107.179.43.178,US
"Jul 24, 2023 @ 18:13:52.000",Failed,password, craft,107.179.43.178,US
"Jul 24, 2023 @ 18:13:50.000",Invalid,-,craft,107.179.43.178,US
"Jul 24, 2023 @ 18:13:48.000",Failed,password,root,107.179.43.178,US
"Jul 24, 2023 @ 18:12:51.000",Failed,password,root,218.92.0.112,CN
"Jul 24, 2023 @ 18:12:48.000",Failed,password,root,218.92.0.112,CN
"Jul 24, 2023 @ 18:12:41.000",Failed,password,root,218.92.0.112,CN
"Jul 24, 2023 @ 18:12:37.000",Failed,password,root,218.92.0.112,CN
"Jul 24, 2023 @ 18:12:33.000",Failed,password,root,218.92.0.112,CN
"Jul 24, 2023 @ 17:52:31.000",Failed,password,root,221.150.169.127,KR
"Jul 24, 2023 @ 17:52:28.000",Failed,password,root,221.150.169.127,KR
"Jul 24, 2023 @ 17:52:24.000",Failed,password,root,221.150.169.127,KR
"Jul 24, 2023 @ 17:52:21.000",Failed,password,root,221.150.169.127,KR
"Jul 24, 2023 @ 17:52:18.000",Failed,password,root,221.150.169.127,KR
"Jul 24, 2023 @ 17:43:48.000",Failed,password, dbadmin,45.95.146.103,NL
"Jul 24, 2023 @ 17:43:46.000",Invalid,-,dbadmin,45.95.146.103,NL
"Jul 24, 2023 @ 17:43:26.000",Failed,password,root,45.95.146.103,NL
"Jul 24, 2023 @ 17:43:04.000",Failed,password, sftp,45.95.146.103,NL
"Jul 24, 2023 @ 17:43:02.000",Invalid,-,sftp,45.95.146.103,NL
"Jul 24, 2023 @ 17:32:54.000",Failed,password,root,45.95.146.103,NL
"Jul 24, 2023 @ 17:32:32.000",Failed,password, gns3,45.95.146.103,NL
"Jul 24, 2023 @ 17:32:30.000",Invalid,-,gns3,45.95.146.103,NL
"Jul 24, 2023 @ 17:32:09.000",Failed,password,root,45.95.146.103,NL
"Jul 24, 2023 @ 17:31:46.000",Failed,password,root,45.95.146.103,NL
"Jul 24, 2023 @ 16:50:02.000",Failed,password,root,65.109.48.79,FI
"Jul 24, 2023 @ 16:49:59.000",Failed,password,root,65.109.48.79,FI
"Jul 24, 2023 @ 16:49:56.000",Failed,password,root,65.109.48.79,FI
"Jul 24, 2023 @ 16:49:52.000",Failed,password,root,65.109.48.79,FI
"Jul 24, 2023 @ 16:49:49.000",Failed,password,root,65.109.48.79,FI
"Jul 24, 2023 @ 15:20:19.000",Failed,password,root,185.224.128.141,NL
"Jul 24, 2023 @ 15:18:22.000",Failed,password,root,185.224.128.141,NL
"Jul 24, 2023 @ 15:16:51.000",Failed,password,root,185.224.128.141,NL
"Jul 24, 2023 @ 15:15:12.000",Failed,password,root,185.224.128.141,NL
"Jul 24, 2023 @ 15:14:08.000",Failed,password,root,185.224.128.141,NL
"Jul 24, 2023 @ 14:50:09.000",Failed,password, admin,210.146.173.28,JP
"Jul 24, 2023 @ 14:50:07.000",Invalid,-,admin,210.146.173.28,JP
"Jul 24, 2023 @ 14:48:56.000",Failed,password, admin,59.0.197.79,KR
"Jul 24, 2023 @ 14:48:52.000",Failed,password, admin,59.0.197.79,KR
"Jul 24, 2023 @ 14:48:48.000",Failed,password, admin,59.0.197.79,KR
"Jul 24, 2023 @ 14:48:42.000",Failed,password, admin,59.0.197.79,KR
"Jul 24, 2023 @ 14:48:39.000",Invalid,-,admin,59.0.197.79,KR
"Jul 24, 2023 @ 14:31:13.000",Failed,password, anna,67.205.182.19,US
"Jul 24, 2023 @ 14:31:11.000",Invalid,-,anna,67.205.182.19,US
"Jul 24, 2023 @ 14:25:38.000",Failed,password, boris,67.205.182.19,US
"Jul 24, 2023 @ 14:25:36.000",Invalid,-,boris,67.205.182.19,US
"Jul 24, 2023 @ 14:20:02.000",Failed,password,root,67.205.182.19,US
"Jul 24, 2023 @ 14:07:23.000",Failed,password, admin,121.152.247.156,KR
"Jul 24, 2023 @ 14:07:20.000",Failed,password, admin,121.152.247.156,KR
"Jul 24, 2023 @ 14:07:16.000",Failed,password, admin,121.152.247.156,KR
"Jul 24, 2023 @ 14:07:13.000",Failed,password, admin,121.152.247.156,KR
"Jul 24, 2023 @ 14:07:11.000",Invalid,-,admin,121.152.247.156,KR
"Jul 24, 2023 @ 12:21:54.000",Failed,password,mysql,116.98.164.181,VN
"Jul 24, 2023 @ 12:21:54.000",Failed,password,root,116.98.164.181,VN
"Jul 24, 2023 @ 12:21:53.000",Failed,password,root,116.98.164.181,VN
"Jul 24, 2023 @ 12:21:52.000",Failed,password, tom,116.98.164.181,VN
"Jul 24, 2023 @ 12:21:52.000",Failed,password, sales,116.98.164.181,VN
"Jul 24, 2023 @ 12:21:50.000",Invalid,-,tom,116.98.164.181,VN
"Jul 24, 2023 @ 12:21:50.000",Invalid,-,sales,116.98.164.181,VN
"Jul 24, 2023 @ 12:17:43.000",Failed,password,root,218.92.0.27,CN
"Jul 24, 2023 @ 12:17:40.000",Failed,password,root,218.92.0.27,CN
"Jul 24, 2023 @ 12:17:36.000",Failed,password,root,218.92.0.27,CN
"Jul 24, 2023 @ 12:17:32.000",Failed,password,root,218.92.0.27,CN
"Jul 24, 2023 @ 12:17:28.000",Failed,password,root,218.92.0.27,CN
"Jul 24, 2023 @ 12:11:50.000",Failed,password, ftp,116.98.164.181,VN
"Jul 24, 2023 @ 12:11:50.000",Failed,password, system,116.98.164.181,VN
"Jul 24, 2023 @ 12:11:48.000",Invalid,-,system,116.98.164.181,VN
"Jul 24, 2023 @ 12:11:47.000",Invalid,-,ftp,116.98.164.181,VN
"Jul 24, 2023 @ 12:11:47.000",Failed,password,root,116.98.164.181,VN
"Jul 24, 2023 @ 12:11:41.000",Failed,password, support,116.98.164.181,VN
"Jul 24, 2023 @ 12:11:38.000",Invalid,-,support,116.98.164.181,VN
"Jul 24, 2023 @ 12:08:46.000",Failed,password, anna,165.22.8.159,US
"Jul 24, 2023 @ 12:08:44.000",Invalid,-,anna,165.22.8.159,US
"Jul 24, 2023 @ 12:02:58.000",Failed,password, boris,165.22.8.159,US
"Jul 24, 2023 @ 12:02:55.000",Invalid,-,boris,165.22.8.159,US
"Jul 24, 2023 @ 11:57:14.000",Failed,password,root,165.22.8.159,US
"Jul 24, 2023 @ 11:55:06.000",Failed,password,root,218.92.0.112,CN
"Jul 24, 2023 @ 11:55:02.000",Failed,password,root,218.92.0.25,CN
"Jul 24, 2023 @ 11:55:01.000",Failed,password,root,218.92.0.112,CN
"Jul 24, 2023 @ 11:54:59.000",Failed,password,root,218.92.0.25,CN
"Jul 24, 2023 @ 11:54:56.000",Failed,password,root,218.92.0.112,CN
"Jul 24, 2023 @ 11:54:54.000",Failed,password,root,218.92.0.25,CN
"Jul 24, 2023 @ 11:54:53.000",Failed,password,root,218.92.0.112,CN
"Jul 24, 2023 @ 11:54:51.000",Failed,password,root,218.92.0.25,CN
"Jul 24, 2023 @ 11:54:47.000",Failed,password,root,218.92.0.25,CN
"Jul 24, 2023 @ 11:54:47.000",Failed,password,root,218.92.0.112,CN
"Jul 24, 2023 @ 11:51:44.000",Failed,password,root,61.177.172.179,CN
"Jul 24, 2023 @ 11:51:42.000",Failed,password,root,61.177.172.179,CN
"Jul 24, 2023 @ 11:51:37.000",Failed,password,root,61.177.172.179,CN
"Jul 24, 2023 @ 11:51:33.000",Failed,password,root,61.177.172.179,CN
"Jul 24, 2023 @ 11:51:30.000",Failed,password,root,61.177.172.179,CN
"Jul 24, 2023 @ 11:38:59.000",Failed,password,root,61.177.172.160,CN
"Jul 24, 2023 @ 11:38:56.000",Failed,password,root,61.177.172.160,CN
"Jul 24, 2023 @ 11:38:51.000",Failed,password,root,61.177.172.160,CN
"Jul 24, 2023 @ 11:38:48.000",Failed,password,root,61.177.172.160,CN
"Jul 24, 2023 @ 11:38:45.000",Failed,password,root,61.177.172.160,CN
"Jul 24, 2023 @ 11:38:37.000",Failed,password,root,218.92.0.108,CN
"Jul 24, 2023 @ 11:38:34.000",Failed,password,root,218.92.0.108,CN
"Jul 24, 2023 @ 11:38:25.000",Failed,password,root,218.92.0.108,CN
"Jul 24, 2023 @ 11:38:23.000",Failed,password,root,61.177.172.136,CN
"Jul 24, 2023 @ 11:38:22.000",Failed,password,root,218.92.0.108,CN
"Jul 24, 2023 @ 11:38:20.000",Failed,password,root,61.177.172.136,CN
"Jul 24, 2023 @ 11:38:18.000",Failed,password,root,218.92.0.108,CN
"Jul 24, 2023 @ 11:38:13.000",Failed,password,root,61.177.172.136,CN
"Jul 24, 2023 @ 11:38:10.000",Failed,password,root,61.177.172.136,CN
"Jul 24, 2023 @ 11:38:07.000",Failed,password,root,61.177.172.136,CN
"Jul 24, 2023 @ 11:31:40.000",Invalid,-,(empty),64.62.197.95,US
"Jul 24, 2023 @ 11:26:45.000",Failed,password,root,218.92.0.29,CN
"Jul 24, 2023 @ 11:26:41.000",Failed,password,root,218.92.0.29,CN
"Jul 24, 2023 @ 11:26:34.000",Failed,password,root,218.92.0.29,CN
"Jul 24, 2023 @ 11:26:31.000",Failed,password,root,218.92.0.29,CN
"Jul 24, 2023 @ 11:26:28.000",Failed,password,root,218.92.0.29,CN
"Jul 24, 2023 @ 11:22:21.000",Failed,password,root,218.92.0.27,CN
"Jul 24, 2023 @ 11:22:18.000",Failed,password,root,218.92.0.27,CN
"Jul 24, 2023 @ 11:22:12.000",Failed,password,root,218.92.0.27,CN
"Jul 24, 2023 @ 11:22:08.000",Failed,password,root,218.92.0.27,CN
"Jul 24, 2023 @ 11:22:00.000",Failed,password,root,218.92.0.112,CN
"Jul 24, 2023 @ 11:21:58.000",Failed,password,root,218.92.0.27,CN
"Jul 24, 2023 @ 11:21:58.000",Failed,password,root,218.92.0.112,CN
"Jul 24, 2023 @ 11:21:52.000",Failed,password,root,218.92.0.112,CN
"Jul 24, 2023 @ 11:21:48.000",Failed,password,root,218.92.0.112,CN
"Jul 24, 2023 @ 11:21:46.000",Failed,password,root,61.177.172.160,CN
"Jul 24, 2023 @ 11:21:45.000",Failed,password,root,218.92.0.112,CN
"Jul 24, 2023 @ 11:21:44.000",Failed,password,root,61.177.172.160,CN
"Jul 24, 2023 @ 11:21:37.000",Failed,password,root,61.177.172.160,CN
"Jul 24, 2023 @ 11:21:34.000",Failed,password,root,61.177.172.160,CN
"Jul 24, 2023 @ 11:21:31.000",Failed,password,root,61.177.172.160,CN
"Jul 24, 2023 @ 11:15:26.000",Invalid,-,NL5xUDpV2xRa,138.97.36.147,BR
"Jul 24, 2023 @ 11:10:14.000",Failed,password,root,218.92.0.34,CN
"Jul 24, 2023 @ 11:10:11.000",Failed,password,root,218.92.0.34,CN
"Jul 24, 2023 @ 11:09:58.000",Failed,password,root,218.92.0.34,CN
"Jul 24, 2023 @ 11:09:55.000",Failed,password,root,218.92.0.34,CN
"Jul 24, 2023 @ 11:09:52.000",Failed,password,root,218.92.0.34,CN
"Jul 24, 2023 @ 11:06:56.000",Failed,password,root,218.92.0.108,CN
"Jul 24, 2023 @ 11:06:53.000",Failed,password,root,218.92.0.108,CN
"Jul 24, 2023 @ 11:06:48.000",Failed,password,root,218.92.0.108,CN
"Jul 24, 2023 @ 11:06:44.000",Failed,password,root,218.92.0.108,CN
"Jul 24, 2023 @ 11:06:41.000",Failed,password,root,218.92.0.108,CN
"Jul 24, 2023 @ 10:56:25.000",Failed,password,root,61.177.172.136,CN
"Jul 24, 2023 @ 10:56:22.000",Failed,password,root,61.177.172.136,CN
"Jul 24, 2023 @ 10:56:17.000",Failed,password,root,61.177.172.136,CN
"Jul 24, 2023 @ 10:56:14.000",Failed,password,root,61.177.172.136,CN
"Jul 24, 2023 @ 10:56:11.000",Failed,password,root,61.177.172.136,CN
"Jul 24, 2023 @ 10:54:14.000",Failed,password,root,61.177.172.179,CN
"Jul 24, 2023 @ 10:54:11.000",Failed,password,root,61.177.172.179,CN
"Jul 24, 2023 @ 10:54:06.000",Failed,password,root,61.177.172.179,CN
"Jul 24, 2023 @ 10:54:02.000",Failed,password,root,61.177.172.179,CN
"Jul 24, 2023 @ 10:53:59.000",Failed,password,root,61.177.172.179,CN
"Jul 24, 2023 @ 10:53:13.000",Failed,password,root,218.92.0.29,CN
"Jul 24, 2023 @ 10:53:09.000",Failed,password,root,218.92.0.29,CN
"Jul 24, 2023 @ 10:53:04.000",Failed,password,root,218.92.0.29,CN
"Jul 24, 2023 @ 10:53:00.000",Failed,password,root,218.92.0.29,CN
"Jul 24, 2023 @ 10:52:58.000",Failed,password,root,218.92.0.29,CN
"Jul 24, 2023 @ 10:48:55.000",Failed,password,root,61.177.172.140,CN
"Jul 24, 2023 @ 10:48:52.000",Failed,password,root,61.177.172.140,CN
"Jul 24, 2023 @ 10:48:48.000",Failed,password,root,61.177.172.140,CN
"Jul 24, 2023 @ 10:48:43.000",Failed,password,root,218.92.0.22,CN
"Jul 24, 2023 @ 10:48:43.000",Failed,password,root,61.177.172.140,CN
"Jul 24, 2023 @ 10:48:41.000",Failed,password,root,61.177.172.140,CN
"Jul 24, 2023 @ 10:48:40.000",Failed,password,root,218.92.0.22,CN
"Jul 24, 2023 @ 10:48:34.000",Failed,password,root,218.92.0.22,CN
"Jul 24, 2023 @ 10:48:30.000",Failed,password,root,218.92.0.22,CN
"Jul 24, 2023 @ 10:48:28.000",Failed,password,root,218.92.0.22,CN
"Jul 24, 2023 @ 10:36:40.000",Failed,password,root,218.92.0.29,CN
"Jul 24, 2023 @ 10:36:37.000",Failed,password,root,218.92.0.29,CN
"Jul 24, 2023 @ 10:36:31.000",Failed,password,root,218.92.0.29,CN
"Jul 24, 2023 @ 10:36:28.000",Failed,password,root,218.92.0.29,CN
"Jul 24, 2023 @ 10:36:25.000",Failed,password,root,218.92.0.29,CN
"Jul 24, 2023 @ 10:32:22.000",Failed,password,root,218.92.0.107,CN
"Jul 24, 2023 @ 10:32:21.000",Failed,password,root,218.92.0.22,CN
"Jul 24, 2023 @ 10:32:19.000",Failed,password,root,218.92.0.107,CN
"Jul 24, 2023 @ 10:32:17.000",Failed,password,root,218.92.0.22,CN
"Jul 24, 2023 @ 10:32:14.000",Failed,password,root,218.92.0.107,CN
"Jul 24, 2023 @ 10:32:11.000",Failed,password,root,218.92.0.107,CN
"Jul 24, 2023 @ 10:32:09.000",Failed,password,root,218.92.0.22,CN
"Jul 24, 2023 @ 10:32:07.000",Failed,password,root,218.92.0.107,CN
"Jul 24, 2023 @ 10:32:07.000",Failed,password,root,218.92.0.22,CN
"Jul 24, 2023 @ 10:32:04.000",Failed,password,root,218.92.0.22,CN
"Jul 24, 2023 @ 10:26:23.000",Failed,password,root,218.92.0.76,CN
"Jul 24, 2023 @ 10:26:20.000",Failed,password,root,218.92.0.76,CN
"Jul 24, 2023 @ 10:26:13.000",Failed,password,root,218.92.0.76,CN
"Jul 24, 2023 @ 10:26:10.000",Failed,password,root,218.92.0.76,CN
"Jul 24, 2023 @ 10:26:06.000",Failed,password,root,218.92.0.76,CN
"Jul 24, 2023 @ 10:21:15.000",Failed,password,root,218.92.0.56,CN
"Jul 24, 2023 @ 10:21:12.000",Failed,password,root,218.92.0.56,CN
"Jul 24, 2023 @ 10:21:06.000",Failed,password,root,218.92.0.56,CN
"Jul 24, 2023 @ 10:21:03.000",Failed,password,root,218.92.0.56,CN
"Jul 24, 2023 @ 10:21:00.000",Failed,password,root,218.92.0.56,CN
"Jul 24, 2023 @ 10:18:14.000",Failed,password, ark,170.64.191.246,AU
"Jul 24, 2023 @ 10:18:12.000",Invalid,-,ark,170.64.191.246,AU
"Jul 24, 2023 @ 10:17:57.000",Failed,password,root,170.64.191.246,AU
"Jul 24, 2023 @ 10:17:39.000",Failed,password,root,170.64.191.246,AU
"Jul 24, 2023 @ 10:17:22.000",Failed,password,root,170.64.191.246,AU
"Jul 24, 2023 @ 10:16:02.000",Failed,password,root,218.92.0.31,CN
"Jul 24, 2023 @ 10:15:59.000",Failed,password,root,218.92.0.31,CN
"Jul 24, 2023 @ 10:15:54.000",Failed,password,root,218.92.0.31,CN
"Jul 24, 2023 @ 10:15:50.000",Failed,password,root,218.92.0.31,CN
"Jul 24, 2023 @ 10:15:48.000",Failed,password,root,218.92.0.31,CN
"Jul 24, 2023 @ 10:15:47.000",Failed,password,root,180.101.88.247,CN
"Jul 24, 2023 @ 10:15:44.000",Failed,password,root,180.101.88.247,CN
"Jul 24, 2023 @ 10:15:39.000",Failed,password,root,180.101.88.247,CN
"Jul 24, 2023 @ 10:15:35.000",Failed,password,root,180.101.88.247,CN
"Jul 24, 2023 @ 10:15:32.000",Failed,password,root,180.101.88.247,CN
"Jul 24, 2023 @ 10:15:18.000",Failed,password,root,61.177.172.136,CN
"Jul 24, 2023 @ 10:15:15.000",Failed,password,root,61.177.172.136,CN
"Jul 24, 2023 @ 10:15:10.000",Failed,password,root,61.177.172.136,CN
"Jul 24, 2023 @ 10:15:06.000",Failed,password,root,61.177.172.136,CN
"Jul 24, 2023 @ 10:15:03.000",Failed,password,root,61.177.172.136,CN
"Jul 24, 2023 @ 10:07:17.000",Failed,password, dolphin,170.64.191.246,AU
"Jul 24, 2023 @ 10:07:14.000",Invalid,-,dolphin,170.64.191.246,AU
"Jul 24, 2023 @ 10:07:00.000",Failed,password,root,170.64.191.246,AU
"Jul 24, 2023 @ 10:06:43.000",Failed,password,root,170.64.191.246,AU
"Jul 24, 2023 @ 10:03:02.000",Failed,password,root,218.92.0.24,CN
"Jul 24, 2023 @ 10:02:59.000",Failed,password,root,218.92.0.24,CN
"Jul 24, 2023 @ 10:02:50.000",Failed,password,root,218.92.0.24,CN
"Jul 24, 2023 @ 10:02:47.000",Failed,password,root,218.92.0.24,CN
"Jul 24, 2023 @ 10:02:43.000",Failed,password,root,218.92.0.24,CN
"Jul 24, 2023 @ 09:58:56.000",Failed,password,root,218.92.0.118,CN
"Jul 24, 2023 @ 09:58:55.000",Failed,password,root,61.177.172.140,CN
"Jul 24, 2023 @ 09:58:53.000",Failed,password,root,218.92.0.118,CN
"Jul 24, 2023 @ 09:58:53.000",Failed,password,root,61.177.172.140,CN
"Jul 24, 2023 @ 09:58:47.000",Failed,password,root,218.92.0.118,CN
"Jul 24, 2023 @ 09:58:46.000",Failed,password,root,61.177.172.140,CN
"Jul 24, 2023 @ 09:58:45.000",Failed,password,root,218.92.0.118,CN
"Jul 24, 2023 @ 09:58:43.000",Failed,password,root,61.177.172.140,CN
"Jul 24, 2023 @ 09:58:41.000",Failed,password,root,61.177.172.140,CN
"Jul 24, 2023 @ 09:58:41.000",Failed,password,root,218.92.0.118,CN
"Jul 24, 2023 @ 09:57:55.000",Failed,password,root,61.177.172.179,CN
"Jul 24, 2023 @ 09:57:51.000",Failed,password,root,61.177.172.179,CN
"Jul 24, 2023 @ 09:57:46.000",Failed,password,root,61.177.172.179,CN
"Jul 24, 2023 @ 09:57:42.000",Failed,password,root,61.177.172.179,CN
"Jul 24, 2023 @ 09:57:39.000",Failed,password,root,61.177.172.179,CN
"Jul 24, 2023 @ 09:56:26.000",Failed,password, test,170.64.191.246,AU
"Jul 24, 2023 @ 09:56:23.000",Invalid,-,test,170.64.191.246,AU
"Jul 24, 2023 @ 09:56:08.000",Failed,password, sftpuser,170.64.191.246,AU
"Jul 24, 2023 @ 09:56:06.000",Invalid,-,sftpuser,170.64.191.246,AU
"Jul 24, 2023 @ 09:55:49.000",Failed,password,root,170.64.191.246,AU
"Jul 24, 2023 @ 09:45:44.000",Failed,password,root,218.92.0.34,CN
"Jul 24, 2023 @ 09:45:41.000",Failed,password,root,218.92.0.34,CN
"Jul 24, 2023 @ 09:45:37.000",Failed,password,root,218.92.0.34,CN
"Jul 24, 2023 @ 09:45:33.000",Failed,password,root,218.92.0.34,CN
"Jul 24, 2023 @ 09:45:33.000",Failed,password, centos,170.64.191.246,AU
"Jul 24, 2023 @ 09:45:32.000",Invalid,-,centos,170.64.191.246,AU
"Jul 24, 2023 @ 09:45:30.000",Failed,password,root,218.92.0.34,CN
"Jul 24, 2023 @ 09:45:17.000",Failed,password, oracle,170.64.191.246,AU
"Jul 24, 2023 @ 09:45:14.000",Invalid,-,oracle,170.64.191.246,AU
"Jul 24, 2023 @ 09:44:59.000",Failed,password, user1,170.64.191.246,AU
"Jul 24, 2023 @ 09:44:57.000",Invalid,-,user1,170.64.191.246,AU
"Jul 24, 2023 @ 09:42:13.000",Failed,password,root,218.92.0.31,CN
"Jul 24, 2023 @ 09:42:09.000",Failed,password,root,218.92.0.31,CN
"Jul 24, 2023 @ 09:42:04.000",Failed,password,root,218.92.0.31,CN
"Jul 24, 2023 @ 09:42:01.000",Failed,password,root,218.92.0.31,CN
"Jul 24, 2023 @ 09:41:58.000",Failed,password,root,218.92.0.31,CN
"Jul 24, 2023 @ 09:41:54.000",Failed,password,root,61.177.172.140,CN
"Jul 24, 2023 @ 09:41:51.000",Failed,password,root,61.177.172.140,CN
"Jul 24, 2023 @ 09:41:47.000",Failed,password,root,61.177.172.140,CN
"Jul 24, 2023 @ 09:41:43.000",Failed,password,root,61.177.172.140,CN
"Jul 24, 2023 @ 09:41:40.000",Failed,password,root,61.177.172.140,CN
"Jul 24, 2023 @ 09:34:48.000",Failed,password, lighthouse,170.64.191.246,AU
"Jul 24, 2023 @ 09:34:47.000",Failed,password,root,218.92.0.113,CN
"Jul 24, 2023 @ 09:34:46.000",Invalid,-,lighthouse,170.64.191.246,AU
"Jul 24, 2023 @ 09:34:44.000",Failed,password,root,218.92.0.113,CN
"Jul 24, 2023 @ 09:34:38.000",Failed,password,root,218.92.0.113,CN
"Jul 24, 2023 @ 09:34:34.000",Failed,password,root,218.92.0.113,CN
"Jul 24, 2023 @ 09:34:31.000",Failed,password,root,218.92.0.113,CN
"Jul 24, 2023 @ 09:34:30.000",Failed,password, hadoop,170.64.191.246,AU
"Jul 24, 2023 @ 09:34:28.000",Invalid,-,hadoop,170.64.191.246,AU
"Jul 24, 2023 @ 09:34:11.000",Failed,password,root,170.64.191.246,AU
"Jul 24, 2023 @ 09:29:17.000",Failed,password,root,218.92.0.24,CN
"Jul 24, 2023 @ 09:29:13.000",Failed,password,root,218.92.0.24,CN
"Jul 24, 2023 @ 09:29:09.000",Failed,password,root,218.92.0.24,CN
"Jul 24, 2023 @ 09:29:06.000",Failed,password,root,218.92.0.24,CN
"Jul 24, 2023 @ 09:29:02.000",Failed,password,root,218.92.0.24,CN
"Jul 24, 2023 @ 09:29:01.000",Failed,password,root,218.92.0.27,CN
"Jul 24, 2023 @ 09:28:59.000",Failed,password,root,218.92.0.27,CN
"Jul 24, 2023 @ 09:28:53.000",Failed,password,root,218.92.0.27,CN
"Jul 24, 2023 @ 09:28:50.000",Failed,password,root,218.92.0.27,CN
"Jul 24, 2023 @ 09:28:47.000",Failed,password,root,218.92.0.27,CN
"Jul 24, 2023 @ 09:25:12.000",Failed,password,root,218.92.0.25,CN
"Jul 24, 2023 @ 09:25:09.000",Failed,password,root,218.92.0.25,CN
"Jul 24, 2023 @ 09:25:04.000",Failed,password,root,218.92.0.25,CN
"Jul 24, 2023 @ 09:25:01.000",Failed,password,root,218.92.0.25,CN
"Jul 24, 2023 @ 09:24:57.000",Failed,password,root,218.92.0.25,CN
"Jul 24, 2023 @ 09:12:17.000",Failed,password,root,218.92.0.29,CN
"Jul 24, 2023 @ 09:12:14.000",Failed,password,root,218.92.0.29,CN
"Jul 24, 2023 @ 09:12:08.000",Failed,password,root,218.92.0.29,CN
"Jul 24, 2023 @ 09:12:04.000",Failed,password,root,218.92.0.29,CN
"Jul 24, 2023 @ 09:12:01.000",Failed,password,root,218.92.0.29,CN
"Jul 24, 2023 @ 09:09:39.000",Failed,password,root,180.101.88.247,CN
"Jul 24, 2023 @ 09:09:36.000",Failed,password,root,180.101.88.247,CN
"Jul 24, 2023 @ 09:09:31.000",Failed,password,root,180.101.88.247,CN
"Jul 24, 2023 @ 09:09:28.000",Failed,password,root,180.101.88.247,CN
"Jul 24, 2023 @ 09:09:25.000",Failed,password,root,180.101.88.247,CN
"Jul 24, 2023 @ 09:07:34.000",Failed,password,root,119.192.8.27,KR
"Jul 24, 2023 @ 09:06:04.000",Failed,password,root,218.92.0.113,CN
"Jul 24, 2023 @ 09:06:01.000",Failed,password,root,218.92.0.113,CN
"Jul 24, 2023 @ 09:05:55.000",Failed,password,root,218.92.0.113,CN
"Jul 24, 2023 @ 09:05:53.000",Failed,password,root,218.92.0.113,CN
"Jul 24, 2023 @ 09:05:49.000",Failed,password,root,218.92.0.113,CN
"Jul 24, 2023 @ 09:04:22.000",Failed,password, nagios,103.237.144.204,VN
"Jul 24, 2023 @ 09:04:19.000",Invalid,-,nagios,103.237.144.204,VN
"Jul 24, 2023 @ 09:04:17.000",Failed,password, oracle,103.237.144.204,VN
"Jul 24, 2023 @ 09:04:14.000",Invalid,-,oracle,103.237.144.204,VN
"Jul 24, 2023 @ 09:04:12.000",Failed,password, oracle,103.237.144.204,VN
"Jul 24, 2023 @ 09:04:10.000",Invalid,-,oracle,103.237.144.204,VN
"Jul 24, 2023 @ 08:59:43.000",Failed,password,root,61.177.172.179,CN
"Jul 24, 2023 @ 08:59:40.000",Failed,password,root,61.177.172.179,CN
"Jul 24, 2023 @ 08:59:36.000",Failed,password,root,61.177.172.179,CN
"Jul 24, 2023 @ 08:59:31.000",Failed,password,root,61.177.172.179,CN
"Jul 24, 2023 @ 08:59:29.000",Failed,password,root,61.177.172.179,CN
"Jul 24, 2023 @ 08:55:36.000",Failed,password,root,61.177.172.185,CN
"Jul 24, 2023 @ 08:55:33.000",Failed,password,root,61.177.172.185,CN
"Jul 24, 2023 @ 08:55:28.000",Failed,password,root,61.177.172.185,CN
"Jul 24, 2023 @ 08:55:26.000",Failed,password,root,61.177.172.185,CN
"Jul 24, 2023 @ 08:55:23.000",Failed,password,root,61.177.172.185,CN
"Jul 24, 2023 @ 08:53:15.000",Failed,password,root,218.92.0.118,CN
"Jul 24, 2023 @ 08:53:12.000",Failed,password,root,218.92.0.118,CN
"Jul 24, 2023 @ 08:53:06.000",Failed,password,root,218.92.0.118,CN
"Jul 24, 2023 @ 08:53:04.000",Failed,password,root,218.92.0.118,CN
"Jul 24, 2023 @ 08:53:00.000",Failed,password,root,218.92.0.118,CN
"Jul 24, 2023 @ 08:52:40.000",Failed,password,root,61.177.172.140,CN
"Jul 24, 2023 @ 08:52:36.000",Failed,password,root,61.177.172.140,CN
"Jul 24, 2023 @ 08:52:31.000",Failed,password,root,61.177.172.140,CN
"Jul 24, 2023 @ 08:52:28.000",Failed,password,root,61.177.172.140,CN
"Jul 24, 2023 @ 08:52:24.000",Failed,password,root,61.177.172.140,CN
"Jul 24, 2023 @ 08:39:28.000",Failed,password,root,218.92.0.56,CN
"Jul 24, 2023 @ 08:39:25.000",Failed,password,root,218.92.0.56,CN
"Jul 24, 2023 @ 08:39:19.000",Failed,password,root,218.92.0.56,CN
"Jul 24, 2023 @ 08:39:16.000",Failed,password,root,218.92.0.56,CN
"Jul 24, 2023 @ 08:39:13.000",Failed,password,root,218.92.0.56,CN
"Jul 24, 2023 @ 08:36:37.000",Failed,password,root,218.92.0.25,CN
"Jul 24, 2023 @ 08:36:34.000",Failed,password,root,218.92.0.25,CN
"Jul 24, 2023 @ 08:36:28.000",Failed,password,root,218.92.0.25,CN
"Jul 24, 2023 @ 08:36:26.000",Failed,password,root,218.92.0.25,CN
"Jul 24, 2023 @ 08:36:22.000",Failed,password,root,218.92.0.25,CN
"Jul 24, 2023 @ 08:29:29.000",Failed,password,root,218.92.0.27,CN
"Jul 24, 2023 @ 08:29:26.000",Failed,password,root,218.92.0.27,CN
"Jul 24, 2023 @ 08:29:22.000",Failed,password,root,218.92.0.27,CN
"Jul 24, 2023 @ 08:29:17.000",Failed,password,root,218.92.0.27,CN
"Jul 24, 2023 @ 08:29:15.000",Failed,password,root,218.92.0.27,CN
"Jul 24, 2023 @ 08:22:17.000",Failed,password,root,218.92.0.56,CN
"Jul 24, 2023 @ 08:22:14.000",Failed,password,root,218.92.0.56,CN
"Jul 24, 2023 @ 08:22:10.000",Failed,password,root,218.92.0.56,CN
"Jul 24, 2023 @ 08:22:04.000",Failed,password,root,218.92.0.56,CN
"Jul 24, 2023 @ 08:22:01.000",Failed,password,root,218.92.0.56,CN
"Jul 24, 2023 @ 08:19:47.000",Failed,password,root,218.92.0.118,CN
"Jul 24, 2023 @ 08:19:44.000",Failed,password,root,218.92.0.118,CN
"Jul 24, 2023 @ 08:19:39.000",Failed,password,root,218.92.0.118,CN
"Jul 24, 2023 @ 08:19:36.000",Failed,password,root,218.92.0.118,CN
"Jul 24, 2023 @ 08:19:33.000",Failed,password,root,218.92.0.112,CN
"Jul 24, 2023 @ 08:19:32.000",Failed,password,root,218.92.0.118,CN
"Jul 24, 2023 @ 08:19:30.000",Failed,password,root,218.92.0.112,CN
"Jul 24, 2023 @ 08:19:23.000",Failed,password,root,218.92.0.112,CN
"Jul 24, 2023 @ 08:19:20.000",Failed,password,root,218.92.0.112,CN
"Jul 24, 2023 @ 08:19:17.000",Failed,password,root,218.92.0.112,CN
"Jul 24, 2023 @ 08:11:44.000",Failed,password,root,218.92.0.113,CN
"Jul 24, 2023 @ 08:11:42.000",Failed,password,root,218.92.0.113,CN
"Jul 24, 2023 @ 08:11:36.000",Failed,password,root,218.92.0.113,CN
"Jul 24, 2023 @ 08:11:32.000",Failed,password,root,218.92.0.113,CN
"Jul 24, 2023 @ 08:11:30.000",Failed,password,root,218.92.0.113,CN
"Jul 24, 2023 @ 08:05:16.000",Failed,password,root,218.92.0.34,CN
"Jul 24, 2023 @ 08:05:13.000",Failed,password,root,218.92.0.34,CN
"Jul 24, 2023 @ 08:05:03.000",Failed,password,root,218.92.0.34,CN
"Jul 24, 2023 @ 08:04:59.000",Failed,password,root,218.92.0.34,CN
"Jul 24, 2023 @ 08:04:56.000",Failed,password,root,218.92.0.34,CN
"Jul 24, 2023 @ 08:02:35.000",Failed,password,root,61.177.172.160,CN
"Jul 24, 2023 @ 08:02:31.000",Failed,password,root,61.177.172.160,CN
"Jul 24, 2023 @ 08:02:27.000",Failed,password,root,61.177.172.160,CN
"Jul 24, 2023 @ 08:02:23.000",Failed,password,root,61.177.172.160,CN
"Jul 24, 2023 @ 08:02:20.000",Failed,password,root,61.177.172.160,CN
"Jul 24, 2023 @ 08:02:01.000",Failed,password,root,218.92.0.27,CN
"Jul 24, 2023 @ 08:01:58.000",Failed,password,root,218.92.0.27,CN
"Jul 24, 2023 @ 08:01:53.000",Failed,password,root,218.92.0.27,CN
"Jul 24, 2023 @ 08:01:49.000",Failed,password,root,218.92.0.27,CN
"Jul 24, 2023 @ 08:01:47.000",Failed,password,root,218.92.0.27,CN
"Jul 24, 2023 @ 07:50:35.000",Failed,password,root,218.92.0.34,CN
"Jul 24, 2023 @ 07:50:32.000",Failed,password,root,218.92.0.34,CN
"Jul 24, 2023 @ 07:50:27.000",Failed,password,root,218.92.0.34,CN
"Jul 24, 2023 @ 07:50:24.000",Failed,password,root,218.92.0.34,CN
"Jul 24, 2023 @ 07:50:21.000",Failed,password,root,218.92.0.34,CN
"Jul 24, 2023 @ 07:49:36.000",Failed,password,root,218.92.0.31,CN
"Jul 24, 2023 @ 07:49:33.000",Failed,password,root,218.92.0.31,CN
"Jul 24, 2023 @ 07:49:28.000",Failed,password,root,218.92.0.31,CN
"Jul 24, 2023 @ 07:49:25.000",Failed,password,root,218.92.0.31,CN
"Jul 24, 2023 @ 07:49:22.000",Failed,password,root,218.92.0.31,CN
"Jul 24, 2023 @ 07:46:59.000",Failed,password,root,218.92.0.107,CN
"Jul 24, 2023 @ 07:46:55.000",Failed,password,root,218.92.0.107,CN
"Jul 24, 2023 @ 07:46:51.000",Failed,password,root,218.92.0.107,CN
"Jul 24, 2023 @ 07:46:47.000",Failed,password,root,218.92.0.107,CN
"Jul 24, 2023 @ 07:46:43.000",Failed,password,root,218.92.0.107,CN
"Jul 24, 2023 @ 07:32:48.000",Failed,password,root,61.177.172.179,CN
"Jul 24, 2023 @ 07:32:43.000",Failed,password,root,61.177.172.179,CN
"Jul 24, 2023 @ 07:32:37.000",Failed,password,root,61.177.172.179,CN
"Jul 24, 2023 @ 07:32:33.000",Failed,password,root,61.177.172.179,CN
"Jul 24, 2023 @ 07:32:31.000",Failed,password,root,61.177.172.179,CN
"Jul 24, 2023 @ 07:31:51.000",Failed,password,root,218.92.0.24,CN
"Jul 24, 2023 @ 07:31:47.000",Failed,password,root,218.92.0.24,CN
"Jul 24, 2023 @ 07:31:41.000",Failed,password,root,218.92.0.24,CN
"Jul 24, 2023 @ 07:31:38.000",Failed,password,root,218.92.0.24,CN
"Jul 24, 2023 @ 07:31:35.000",Failed,password,root,218.92.0.24,CN
"Jul 24, 2023 @ 07:31:13.000",Failed,password,root,218.92.0.112,CN
"Jul 24, 2023 @ 07:31:10.000",Failed,password,root,218.92.0.112,CN
"Jul 24, 2023 @ 07:31:05.000",Failed,password,root,218.92.0.112,CN
"Jul 24, 2023 @ 07:31:02.000",Failed,password,root,218.92.0.112,CN
"Jul 24, 2023 @ 07:30:58.000",Failed,password,root,218.92.0.112,CN
"Jul 24, 2023 @ 07:29:53.000",Failed,password,root,61.177.172.136,CN
"Jul 24, 2023 @ 07:29:51.000",Failed,password,root,61.177.172.136,CN
"Jul 24, 2023 @ 07:29:46.000",Failed,password,root,61.177.172.136,CN
"Jul 24, 2023 @ 07:29:44.000",Failed,password,root,218.92.0.118,CN
"Jul 24, 2023 @ 07:29:42.000",Failed,password,root,61.177.172.136,CN
"Jul 24, 2023 @ 07:29:40.000",Failed,password,root,218.92.0.118,CN
"Jul 24, 2023 @ 07:29:39.000",Failed,password,root,61.177.172.136,CN
"Jul 24, 2023 @ 07:29:32.000",Failed,password,root,218.92.0.118,CN
"Jul 24, 2023 @ 07:29:28.000",Failed,password,root,218.92.0.118,CN
"Jul 24, 2023 @ 07:29:25.000",Failed,password,root,218.92.0.118,CN
"Jul 24, 2023 @ 07:15:24.000",Failed,password,root,218.92.0.24,CN
"Jul 24, 2023 @ 07:15:19.000",Failed,password,root,218.92.0.24,CN
"Jul 24, 2023 @ 07:15:15.000",Failed,password,root,218.92.0.24,CN
"Jul 24, 2023 @ 07:15:10.000",Failed,password,root,218.92.0.24,CN
"Jul 24, 2023 @ 07:15:07.000",Failed,password,root,218.92.0.24,CN
"Jul 24, 2023 @ 07:13:59.000",Failed,password,root,218.92.0.118,CN
"Jul 24, 2023 @ 07:13:56.000",Failed,password,root,218.92.0.118,CN
"Jul 24, 2023 @ 07:13:53.000",Failed,password,root,61.177.172.140,CN
"Jul 24, 2023 @ 07:13:50.000",Failed,password,root,218.92.0.118,CN
"Jul 24, 2023 @ 07:13:50.000",Failed,password,root,61.177.172.140,CN
"Jul 24, 2023 @ 07:13:46.000",Failed,password,root,218.92.0.118,CN
"Jul 24, 2023 @ 07:13:45.000",Failed,password,root,61.177.172.140,CN
"Jul 24, 2023 @ 07:13:43.000",Failed,password,root,61.177.172.140,CN
"Jul 24, 2023 @ 07:13:43.000",Failed,password,root,218.92.0.118,CN
"Jul 24, 2023 @ 07:13:40.000",Failed,password,root,61.177.172.140,CN
"Jul 24, 2023 @ 07:05:20.000",Failed,password,root,218.92.0.76,CN
"Jul 24, 2023 @ 07:05:16.000",Failed,password,root,218.92.0.76,CN
"Jul 24, 2023 @ 07:05:13.000",Failed,password,root,218.92.0.76,CN
"Jul 24, 2023 @ 07:05:08.000",Failed,password,root,218.92.0.76,CN
"Jul 24, 2023 @ 07:05:04.000",Failed,password,root,218.92.0.76,CN
"Jul 24, 2023 @ 07:05:01.000",Failed,password,root,218.92.0.76,CN
"Jul 24, 2023 @ 07:04:55.000",Failed,password,root,218.92.0.76,CN
"Jul 24, 2023 @ 07:04:52.000",Failed,password,root,218.92.0.76,CN
"Jul 24, 2023 @ 07:04:50.000",Failed,password,root,218.92.0.76,CN
"Jul 24, 2023 @ 07:01:00.000",Failed,password,root,218.92.0.34,CN
"Jul 24, 2023 @ 07:00:57.000",Failed,password,root,218.92.0.34,CN
"Jul 24, 2023 @ 07:00:55.000",Failed,password,root,218.92.0.34,CN
"Jul 24, 2023 @ 07:00:50.000",Failed,password,root,218.92.0.34,CN
"Jul 24, 2023 @ 07:00:47.000",Failed,password,root,218.92.0.34,CN
"Jul 24, 2023 @ 07:00:44.000",Failed,password,root,218.92.0.34,CN
"Jul 24, 2023 @ 07:00:39.000",Failed,password,root,218.92.0.34,CN
"Jul 24, 2023 @ 07:00:36.000",Failed,password,root,218.92.0.34,CN
"Jul 24, 2023 @ 07:00:33.000",Failed,password,root,218.92.0.34,CN
"Jul 24, 2023 @ 07:00:28.000",Failed,password,root,218.92.0.113,CN
"Jul 24, 2023 @ 07:00:25.000",Failed,password,root,218.92.0.113,CN
"Jul 24, 2023 @ 07:00:22.000",Failed,password,root,218.92.0.113,CN
"Jul 24, 2023 @ 07:00:17.000",Failed,password,root,218.92.0.113,CN
"Jul 24, 2023 @ 07:00:14.000",Failed,password,root,218.92.0.113,CN
"Jul 24, 2023 @ 07:00:12.000",Failed,password,root,218.92.0.113,CN
"Jul 24, 2023 @ 07:00:07.000",Failed,password,root,218.92.0.113,CN
"Jul 24, 2023 @ 07:00:04.000",Failed,password,root,218.92.0.113,CN
"Jul 24, 2023 @ 07:00:01.000",Failed,password,root,218.92.0.113,CN
"Jul 24, 2023 @ 06:57:37.000",Failed,password,root,218.92.0.112,CN
"Jul 24, 2023 @ 06:57:34.000",Failed,password,root,218.92.0.112,CN
"Jul 24, 2023 @ 06:57:30.000",Failed,password,root,218.92.0.112,CN
"Jul 24, 2023 @ 06:57:24.000",Failed,password,root,218.92.0.112,CN
"Jul 24, 2023 @ 06:57:24.000",Failed,password,root,218.92.0.25,CN
"Jul 24, 2023 @ 06:57:21.000",Failed,password,root,218.92.0.112,CN
"Jul 24, 2023 @ 06:57:21.000",Failed,password,root,218.92.0.25,CN
"Jul 24, 2023 @ 06:57:18.000",Failed,password,root,218.92.0.112,CN
"Jul 24, 2023 @ 06:57:18.000",Failed,password,root,218.92.0.25,CN
"Jul 24, 2023 @ 06:57:12.000",Failed,password,root,218.92.0.112,CN
"Jul 24, 2023 @ 06:57:12.000",Failed,password,root,218.92.0.25,CN
"Jul 24, 2023 @ 06:57:09.000",Failed,password,root,218.92.0.112,CN
"Jul 24, 2023 @ 06:57:08.000",Failed,password,root,218.92.0.25,CN
"Jul 24, 2023 @ 06:57:06.000",Failed,password,root,218.92.0.112,CN
"Jul 24, 2023 @ 06:57:05.000",Failed,password,root,218.92.0.25,CN
"Jul 24, 2023 @ 06:56:57.000",Failed,password,root,218.92.0.25,CN
"Jul 24, 2023 @ 06:56:54.000",Failed,password,root,218.92.0.25,CN
"Jul 24, 2023 @ 06:56:50.000",Failed,password,root,218.92.0.25,CN
"Jul 24, 2023 @ 06:42:22.000",Failed,password,root,218.92.0.56,CN
"Jul 24, 2023 @ 06:42:20.000",Failed,password,root,218.92.0.56,CN
"Jul 24, 2023 @ 06:42:17.000",Failed,password,root,218.92.0.56,CN
"Jul 24, 2023 @ 06:42:10.000",Failed,password,root,218.92.0.56,CN
"Jul 24, 2023 @ 06:42:07.000",Failed,password,root,218.92.0.56,CN
"Jul 24, 2023 @ 06:42:03.000",Failed,password,root,218.92.0.56,CN
"Jul 24, 2023 @ 06:41:58.000",Failed,password,root,218.92.0.56,CN
"Jul 24, 2023 @ 06:41:54.000",Failed,password,root,218.92.0.56,CN
"Jul 24, 2023 @ 06:41:51.000",Failed,password,root,218.92.0.56,CN
"Jul 24, 2023 @ 06:41:27.000",Failed,password,root,61.177.172.160,CN
"Jul 24, 2023 @ 06:41:24.000",Failed,password,root,61.177.172.160,CN
"Jul 24, 2023 @ 06:41:21.000",Failed,password,root,61.177.172.160,CN
"Jul 24, 2023 @ 06:41:15.000",Failed,password,root,61.177.172.160,CN
"Jul 24, 2023 @ 06:41:12.000",Failed,password,root,61.177.172.160,CN
"Jul 24, 2023 @ 06:41:09.000",Failed,password,root,61.177.172.160,CN
"Jul 24, 2023 @ 06:41:03.000",Failed,password,root,61.177.172.160,CN
"Jul 24, 2023 @ 06:41:01.000",Failed,password,root,61.177.172.160,CN
"Jul 24, 2023 @ 06:40:59.000",Failed,password,root,61.177.172.160,CN
"Jul 24, 2023 @ 06:40:47.000",Failed,password,root,218.92.0.107,CN
"Jul 24, 2023 @ 06:40:43.000",Failed,password,root,218.92.0.107,CN
"Jul 24, 2023 @ 06:40:40.000",Failed,password,root,218.92.0.107,CN
"Jul 24, 2023 @ 06:40:36.000",Failed,password,root,218.92.0.107,CN
"Jul 24, 2023 @ 06:40:33.000",Failed,password,root,218.92.0.107,CN
"Jul 24, 2023 @ 06:40:30.000",Failed,password,root,218.92.0.107,CN
"Jul 24, 2023 @ 06:40:20.000",Failed,password,root,218.92.0.107,CN
"Jul 24, 2023 @ 06:40:17.000",Failed,password,root,218.92.0.107,CN
"Jul 24, 2023 @ 06:40:14.000",Failed,password,root,218.92.0.107,CN
"Jul 24, 2023 @ 06:37:12.000",Failed,password,root,218.92.0.76,CN
"Jul 24, 2023 @ 06:37:09.000",Failed,password,root,218.92.0.76,CN
"Jul 24, 2023 @ 06:37:05.000",Failed,password,root,218.92.0.76,CN
"Jul 24, 2023 @ 06:37:00.000",Failed,password,root,218.92.0.76,CN
"Jul 24, 2023 @ 06:36:58.000",Failed,password,root,218.92.0.76,CN
"Jul 24, 2023 @ 06:36:55.000",Failed,password,root,218.92.0.76,CN
"Jul 24, 2023 @ 06:36:50.000",Failed,password,root,218.92.0.76,CN
"Jul 24, 2023 @ 06:36:46.000",Failed,password,root,218.92.0.76,CN
"Jul 24, 2023 @ 06:36:43.000",Failed,password,root,218.92.0.76,CN
"Jul 24, 2023 @ 06:27:03.000",Failed,password,root,218.92.0.22,CN
"Jul 24, 2023 @ 06:27:00.000",Failed,password,root,218.92.0.22,CN
"Jul 24, 2023 @ 06:26:57.000",Failed,password,root,218.92.0.22,CN
"Jul 24, 2023 @ 06:26:52.000",Failed,password,root,218.92.0.22,CN
"Jul 24, 2023 @ 06:26:49.000",Failed,password,root,218.92.0.22,CN
"Jul 24, 2023 @ 06:26:45.000",Failed,password,root,218.92.0.22,CN
"Jul 24, 2023 @ 06:26:39.000",Failed,password,root,218.92.0.22,CN
"Jul 24, 2023 @ 06:26:35.000",Failed,password,root,218.92.0.22,CN
"Jul 24, 2023 @ 06:26:32.000",Failed,password,root,218.92.0.22,CN
"Jul 24, 2023 @ 06:24:31.000",Failed,password,root,61.177.172.185,CN
"Jul 24, 2023 @ 06:24:28.000",Failed,password,root,61.177.172.185,CN
"Jul 24, 2023 @ 06:24:24.000",Failed,password,root,61.177.172.185,CN
"Jul 24, 2023 @ 06:24:19.000",Failed,password,root,61.177.172.185,CN
"Jul 24, 2023 @ 06:24:15.000",Failed,password,root,61.177.172.185,CN
"Jul 24, 2023 @ 06:24:12.000",Failed,password,root,61.177.172.185,CN
"Jul 24, 2023 @ 06:24:08.000",Failed,password,root,61.177.172.185,CN
"Jul 24, 2023 @ 06:24:08.000",Failed,password,root,180.101.88.247,CN
"Jul 24, 2023 @ 06:24:04.000",Failed,password,root,61.177.172.185,CN
"Jul 24, 2023 @ 06:24:04.000",Failed,password,root,180.101.88.247,CN
"Jul 24, 2023 @ 06:24:01.000",Failed,password,root,61.177.172.185,CN
"Jul 24, 2023 @ 06:24:01.000",Failed,password,root,180.101.88.247,CN
"Jul 24, 2023 @ 06:23:56.000",Failed,password,root,180.101.88.247,CN
"Jul 24, 2023 @ 06:23:52.000",Failed,password,root,180.101.88.247,CN
"Jul 24, 2023 @ 06:23:49.000",Failed,password,root,180.101.88.247,CN
"Jul 24, 2023 @ 06:23:44.000",Failed,password,root,180.101.88.247,CN
"Jul 24, 2023 @ 06:23:40.000",Failed,password,root,180.101.88.247,CN
"Jul 24, 2023 @ 06:23:37.000",Failed,password,root,180.101.88.247,CN
,,,,,
"Jul 24, 2023 @ 06:05:43.000",Failed,password, ubnt,196.202.215.55,KE
"Jul 24, 2023 @ 06:05:41.000",Invalid,-,ubnt,196.202.215.55,KE
"Jul 24, 2023 @ 05:47:15.000",Failed,password, baikal,129.159.17.81,IN
"Jul 24, 2023 @ 05:47:13.000",Invalid,-,baikal,129.159.17.81,IN
"Jul 24, 2023 @ 05:47:12.000",Failed,password, pi,129.159.17.81,IN
"Jul 24, 2023 @ 05:47:08.000",Failed,password, pi,129.159.17.81,IN
"Jul 24, 2023 @ 05:47:04.000",Failed,password, pi,129.159.17.81,IN
"Jul 24, 2023 @ 05:47:02.000",Invalid,-,pi,129.159.17.81,IN
"Jul 24, 2023 @ 05:46:59.000",Failed,password, ubuntu,129.159.17.81,IN
"Jul 24, 2023 @ 05:46:55.000",Failed,password, ubuntu,129.159.17.81,IN
"Jul 24, 2023 @ 05:46:51.000",Failed,password, ubuntu,129.159.17.81,IN
"Jul 24, 2023 @ 05:46:50.000",Invalid,-,ubuntu,129.159.17.81,IN
"Jul 24, 2023 @ 05:46:48.000",error:,maximum authentication attempts exceeded, ubuntu,129.159.17.81,IN
"Jul 24, 2023 @ 05:46:46.000",Failed,password, ubuntu,129.159.17.81,IN
"Jul 24, 2023 @ 05:46:43.000",Failed,password, ubuntu,129.159.17.81,IN
"Jul 24, 2023 @ 05:46:40.000",Failed,password, ubuntu,129.159.17.81,IN
"Jul 24, 2023 @ 05:46:39.000",Failed,password, ubuntu,129.159.17.81,IN
"Jul 24, 2023 @ 05:46:35.000",Failed,password, ubuntu,129.159.17.81,IN
"Jul 24, 2023 @ 05:46:32.000",Failed,password, ubuntu,129.159.17.81,IN
"Jul 24, 2023 @ 05:46:29.000",Invalid,-,ubuntu,129.159.17.81,IN
"Jul 24, 2023 @ 05:46:28.000",error:,maximum authentication attempts exceeded, ubuntu,129.159.17.81,IN
"Jul 24, 2023 @ 05:46:27.000",Failed,password, ubuntu,129.159.17.81,IN
"Jul 24, 2023 @ 05:46:23.000",Failed,password, ubuntu,129.159.17.81,IN
"Jul 24, 2023 @ 05:46:19.000",Failed,password, ubuntu,129.159.17.81,IN
"Jul 24, 2023 @ 05:46:15.000",Failed,password, ubuntu,129.159.17.81,IN
"Jul 24, 2023 @ 05:46:12.000",Failed,password, ubuntu,129.159.17.81,IN
"Jul 24, 2023 @ 05:46:09.000",Failed,password, ubuntu,129.159.17.81,IN
"Jul 24, 2023 @ 05:46:08.000",Invalid,-,ubuntu,129.159.17.81,IN
"Jul 24, 2023 @ 05:46:06.000",Failed,password, contador,129.159.17.81,IN
"Jul 24, 2023 @ 05:46:04.000",Failed,password, contador,129.159.17.81,IN
"Jul 24, 2023 @ 05:46:02.000",Failed,password, contador,129.159.17.81,IN
"Jul 24, 2023 @ 05:46:00.000",Invalid,-,contador,129.159.17.81,IN
"Jul 24, 2023 @ 05:45:57.000",Failed,password, test2,129.159.17.81,IN
"Jul 24, 2023 @ 05:45:54.000",Failed,password, test2,129.159.17.81,IN
"Jul 24, 2023 @ 05:45:51.000",Failed,password, test2,129.159.17.81,IN
"Jul 24, 2023 @ 05:45:49.000",Failed,password, test2,129.159.17.81,IN
"Jul 24, 2023 @ 05:45:47.000",Invalid,-,test2,129.159.17.81,IN
"Jul 24, 2023 @ 05:45:46.000",error:,maximum authentication attempts exceeded, test2,129.159.17.81,IN
"Jul 24, 2023 @ 05:45:45.000",Failed,password, test2,129.159.17.81,IN
"Jul 24, 2023 @ 05:45:43.000",Failed,password, test2,129.159.17.81,IN
"Jul 24, 2023 @ 05:45:41.000",Failed,password, test2,129.159.17.81,IN
"Jul 24, 2023 @ 05:45:38.000",Failed,password, test2,129.159.17.81,IN
"Jul 24, 2023 @ 05:45:36.000",Failed,password, test2,129.159.17.81,IN
"Jul 24, 2023 @ 05:45:32.000",Failed,password, test2,129.159.17.81,IN
"Jul 24, 2023 @ 05:45:30.000",Invalid,-,test2,129.159.17.81,IN
"Jul 24, 2023 @ 05:45:28.000",error:,maximum authentication attempts exceeded, test2,129.159.17.81,IN
"Jul 24, 2023 @ 05:45:27.000",Failed,password, test2,129.159.17.81,IN
"Jul 24, 2023 @ 05:45:26.000",Failed,password, test2,129.159.17.81,IN
"Jul 24, 2023 @ 05:45:23.000",Failed,password, test2,129.159.17.81,IN
"Jul 24, 2023 @ 05:45:21.000",Failed,password, test2,129.159.17.81,IN
"Jul 24, 2023 @ 05:45:18.000",Failed,password, test2,129.159.17.81,IN
"Jul 24, 2023 @ 05:45:14.000",Failed,password, test2,129.159.17.81,IN
"Jul 24, 2023 @ 05:45:12.000",Invalid,-,test2,129.159.17.81,IN
"Jul 24, 2023 @ 05:45:10.000",Failed,password, test1,129.159.17.81,IN
"Jul 24, 2023 @ 05:45:07.000",Failed,password, test1,129.159.17.81,IN
"Jul 24, 2023 @ 05:45:04.000",Failed,password, test1,129.159.17.81,IN
"Jul 24, 2023 @ 05:45:02.000",Failed,password, test1,129.159.17.81,IN
"Jul 24, 2023 @ 05:45:00.000",Invalid,-,test1,129.159.17.81,IN
"Jul 24, 2023 @ 05:44:58.000",error:,maximum authentication attempts exceeded, test1,129.159.17.81,IN
"Jul 24, 2023 @ 05:44:57.000",Failed,password, test1,129.159.17.81,IN
"Jul 24, 2023 @ 05:44:55.000",Failed,password, test1,129.159.17.81,IN
"Jul 24, 2023 @ 05:44:52.000",Failed,password, test1,129.159.17.81,IN
"Jul 24, 2023 @ 05:44:49.000",Failed,password, test1,129.159.17.81,IN
"Jul 24, 2023 @ 05:44:46.000",Failed,password, test1,129.159.17.81,IN
"Jul 24, 2023 @ 05:44:44.000",Failed,password, test1,129.159.17.81,IN
"Jul 24, 2023 @ 05:44:42.000",Invalid,-,test1,129.159.17.81,IN
"Jul 24, 2023 @ 05:44:40.000",error:,maximum authentication attempts exceeded, test1,129.159.17.81,IN
"Jul 24, 2023 @ 05:44:39.000",Failed,password, test1,129.159.17.81,IN
"Jul 24, 2023 @ 05:44:37.000",Failed,password, test1,129.159.17.81,IN
"Jul 24, 2023 @ 05:44:34.000",Failed,password, test1,129.159.17.81,IN
"Jul 24, 2023 @ 05:44:31.000",Failed,password, test1,129.159.17.81,IN
"Jul 24, 2023 @ 05:44:28.000",Failed,password, test1,129.159.17.81,IN
"Jul 24, 2023 @ 05:44:25.000",Failed,password, test1,129.159.17.81,IN
"Jul 24, 2023 @ 05:44:23.000",Invalid,-,test1,129.159.17.81,IN
"Jul 24, 2023 @ 05:44:21.000",Failed,password, ftpuser,129.159.17.81,IN
"Jul 24, 2023 @ 05:44:18.000",Failed,password, ftpuser,129.159.17.81,IN
"Jul 24, 2023 @ 05:44:14.000",Failed,password, ftpuser,129.159.17.81,IN
"Jul 24, 2023 @ 05:44:11.000",Failed,password, ftpuser,129.159.17.81,IN
"Jul 24, 2023 @ 05:44:08.000",Invalid,-,ftpuser,129.159.17.81,IN
"Jul 24, 2023 @ 05:44:07.000",Failed,password, ftpuser,129.159.17.81,IN
"Jul 24, 2023 @ 05:44:07.000",error:,maximum authentication attempts exceeded, ftpuser,129.159.17.81,IN
"Jul 24, 2023 @ 05:44:05.000",Failed,password, ftpuser,129.159.17.81,IN
"Jul 24, 2023 @ 05:44:02.000",Failed,password, ftpuser,129.159.17.81,IN
"Jul 24, 2023 @ 05:43:59.000",Failed,password, ftpuser,129.159.17.81,IN
"Jul 24, 2023 @ 05:43:56.000",Failed,password, ftpuser,129.159.17.81,IN
"Jul 24, 2023 @ 05:43:54.000",Failed,password, ftpuser,129.159.17.81,IN
"Jul 24, 2023 @ 05:43:53.000",Invalid,-,ftpuser,129.159.17.81,IN
"Jul 24, 2023 @ 05:43:51.000",Failed,password, ftpuser,129.159.17.81,IN
"Jul 24, 2023 @ 05:43:51.000",error:,maximum authentication attempts exceeded, ftpuser,129.159.17.81,IN
"Jul 24, 2023 @ 05:43:47.000",Failed,password, ftpuser,129.159.17.81,IN
"Jul 24, 2023 @ 05:43:44.000",Failed,password, ftpuser,129.159.17.81,IN
"Jul 24, 2023 @ 05:43:43.000",Failed,password, ftpuser,129.159.17.81,IN
"Jul 24, 2023 @ 05:43:41.000",Failed,password, ftpuser,129.159.17.81,IN
"Jul 24, 2023 @ 05:43:38.000",Failed,password, ftpuser,129.159.17.81,IN
"Jul 24, 2023 @ 05:43:35.000",Invalid,-,ftpuser,129.159.17.81,IN
"Jul 24, 2023 @ 05:43:34.000",Failed,password, user,129.159.17.81,IN
"Jul 24, 2023 @ 05:43:30.000",Failed,password, user,129.159.17.81,IN
"Jul 24, 2023 @ 05:43:27.000",Failed,password, user,129.159.17.81,IN
"Jul 24, 2023 @ 05:43:24.000",Failed,password, user,129.159.17.81,IN
"Jul 24, 2023 @ 05:43:21.000",Invalid,-,user,129.159.17.81,IN
"Jul 24, 2023 @ 05:43:20.000",error:,maximum authentication attempts exceeded, user,129.159.17.81,IN
"Jul 24, 2023 @ 05:43:19.000",Failed,password, user,129.159.17.81,IN
"Jul 24, 2023 @ 05:43:15.000",Failed,password, user,129.159.17.81,IN
"Jul 24, 2023 @ 05:43:12.000",Failed,password, user,129.159.17.81,IN
"Jul 24, 2023 @ 05:43:08.000",Failed,password, user,129.159.17.81,IN
"Jul 24, 2023 @ 05:43:04.000",Failed,password, user,129.159.17.81,IN
"Jul 24, 2023 @ 05:43:01.000",Failed,password, user,129.159.17.81,IN
"Jul 24, 2023 @ 05:42:59.000",Invalid,-,user,129.159.17.81,IN
"Jul 24, 2023 @ 05:42:57.000",Failed,password, user,129.159.17.81,IN
"Jul 24, 2023 @ 05:42:57.000",error:,maximum authentication attempts exceeded, user,129.159.17.81,IN
"Jul 24, 2023 @ 05:42:54.000",Failed,password, user,129.159.17.81,IN
"Jul 24, 2023 @ 05:42:50.000",Failed,password, user,129.159.17.81,IN
"Jul 24, 2023 @ 05:42:47.000",Failed,password, user,129.159.17.81,IN
"Jul 24, 2023 @ 05:42:45.000",Failed,password, user,129.159.17.81,IN
"Jul 24, 2023 @ 05:42:42.000",Failed,password, user,129.159.17.81,IN
"Jul 24, 2023 @ 05:42:40.000",Invalid,-,user,129.159.17.81,IN
"Jul 24, 2023 @ 05:42:37.000",Failed,password, test,129.159.17.81,IN
"Jul 24, 2023 @ 05:42:33.000",Failed,password, test,129.159.17.81,IN
"Jul 24, 2023 @ 05:42:29.000",Failed,password, test,129.159.17.81,IN
"Jul 24, 2023 @ 05:42:25.000",Failed,password, test,129.159.17.81,IN
"Jul 24, 2023 @ 05:42:22.000",Invalid,-,test,129.159.17.81,IN
"Jul 24, 2023 @ 05:42:21.000",Failed,password, test,129.159.17.81,IN
"Jul 24, 2023 @ 05:42:21.000",error:,maximum authentication attempts exceeded, test,129.159.17.81,IN
"Jul 24, 2023 @ 05:42:18.000",Failed,password, test,129.159.17.81,IN
"Jul 24, 2023 @ 05:42:15.000",Failed,password, test,129.159.17.81,IN
"Jul 24, 2023 @ 05:42:13.000",Failed,password, test,129.159.17.81,IN
"Jul 24, 2023 @ 05:42:10.000",Failed,password, test,129.159.17.81,IN
"Jul 24, 2023 @ 05:42:08.000",Failed,password, test,129.159.17.81,IN
"Jul 24, 2023 @ 05:42:06.000",Invalid,-,test,129.159.17.81,IN
"Jul 24, 2023 @ 05:42:05.000",error:,maximum authentication attempts exceeded, test,129.159.17.81,IN
"Jul 24, 2023 @ 05:42:03.000",Failed,password, test,129.159.17.81,IN
"Jul 24, 2023 @ 05:42:00.000",Failed,password, test,129.159.17.81,IN
"Jul 24, 2023 @ 05:41:55.000",Failed,password, test,129.159.17.81,IN
"Jul 24, 2023 @ 05:41:51.000",Failed,password, test,129.159.17.81,IN
"Jul 24, 2023 @ 05:41:48.000",Failed,password, test,129.159.17.81,IN
"Jul 24, 2023 @ 05:41:43.000",Failed,password, test,129.159.17.81,IN
"Jul 24, 2023 @ 05:41:41.000",Invalid,-,test,129.159.17.81,IN
"Jul 24, 2023 @ 05:41:38.000",Failed,password, usuario,129.159.17.81,IN
"Jul 24, 2023 @ 05:41:35.000",Failed,password, usuario,129.159.17.81,IN
"Jul 24, 2023 @ 05:41:32.000",Failed,password, usuario,129.159.17.81,IN
"Jul 24, 2023 @ 05:41:29.000",Failed,password, usuario,129.159.17.81,IN
"Jul 24, 2023 @ 05:41:27.000",Invalid,-,usuario,129.159.17.81,IN
"Jul 24, 2023 @ 05:41:25.000",error:,maximum authentication attempts exceeded, usuario,129.159.17.81,IN
"Jul 24, 2023 @ 05:41:24.000",Failed,password, usuario,129.159.17.81,IN
"Jul 24, 2023 @ 05:41:21.000",Failed,password, usuario,129.159.17.81,IN
"Jul 24, 2023 @ 05:41:17.000",Failed,password, usuario,129.159.17.81,IN
"Jul 24, 2023 @ 05:41:14.000",Failed,password, usuario,129.159.17.81,IN
"Jul 24, 2023 @ 05:41:10.000",Failed,password, usuario,129.159.17.81,IN
"Jul 24, 2023 @ 05:41:06.000",Failed,password, usuario,129.159.17.81,IN
"Jul 24, 2023 @ 05:41:04.000",Invalid,-,usuario,129.159.17.81,IN
"Jul 24, 2023 @ 05:41:03.000",error:,maximum authentication attempts exceeded, usuario,129.159.17.81,IN
"Jul 24, 2023 @ 05:41:02.000",Failed,password, usuario,129.159.17.81,IN
"Jul 24, 2023 @ 05:40:58.000",Failed,password, usuario,129.159.17.81,IN
"Jul 24, 2023 @ 05:40:54.000",Failed,password, usuario,129.159.17.81,IN
"Jul 24, 2023 @ 05:40:51.000",Failed,password, usuario,129.159.17.81,IN
"Jul 24, 2023 @ 05:40:47.000",Failed,password, usuario,129.159.17.81,IN
"Jul 24, 2023 @ 05:40:43.000",Failed,password, usuario,129.159.17.81,IN
"Jul 24, 2023 @ 05:40:41.000",Invalid,-,usuario,129.159.17.81,IN
"Jul 24, 2023 @ 05:40:38.000",Failed,password, oracle,129.159.17.81,IN
"Jul 24, 2023 @ 05:40:36.000",Failed,password, oracle,129.159.17.81,IN
"Jul 24, 2023 @ 05:40:33.000",Failed,password, oracle,129.159.17.81,IN
"Jul 24, 2023 @ 05:40:30.000",Failed,password, oracle,129.159.17.81,IN
"Jul 24, 2023 @ 05:40:28.000",Invalid,-,oracle,129.159.17.81,IN
"Jul 24, 2023 @ 05:40:26.000",error:,maximum authentication attempts exceeded, oracle,129.159.17.81,IN
"Jul 24, 2023 @ 05:40:25.000",Failed,password, oracle,129.159.17.81,IN
"Jul 24, 2023 @ 05:40:23.000",Failed,password, oracle,129.159.17.81,IN
"Jul 24, 2023 @ 05:40:19.000",Failed,password, oracle,129.159.17.81,IN
"Jul 24, 2023 @ 05:40:16.000",Failed,password, oracle,129.159.17.81,IN
"Jul 24, 2023 @ 05:40:13.000",Failed,password, oracle,129.159.17.81,IN
"Jul 24, 2023 @ 05:40:10.000",Failed,password, oracle,129.159.17.81,IN
"Jul 24, 2023 @ 05:40:08.000",Invalid,-,oracle,129.159.17.81,IN
"Jul 24, 2023 @ 05:40:07.000",error:,maximum authentication attempts exceeded, oracle,129.159.17.81,IN
"Jul 24, 2023 @ 05:40:05.000",Failed,password, oracle,129.159.17.81,IN
"Jul 24, 2023 @ 05:40:03.000",Failed,password, oracle,129.159.17.81,IN
"Jul 24, 2023 @ 05:39:59.000",Failed,password, oracle,129.159.17.81,IN
"Jul 24, 2023 @ 05:39:56.000",Failed,password, oracle,129.159.17.81,IN
"Jul 24, 2023 @ 05:39:53.000",Failed,password, oracle,129.159.17.81,IN
"Jul 24, 2023 @ 05:39:50.000",Failed,password, oracle,129.159.17.81,IN
"Jul 24, 2023 @ 05:39:48.000",Invalid,-,oracle,129.159.17.81,IN
"Jul 24, 2023 @ 05:39:46.000",Failed,password, admin,129.159.17.81,IN
"Jul 24, 2023 @ 05:39:44.000",Failed,password, admin,129.159.17.81,IN
"Jul 24, 2023 @ 05:39:42.000",Failed,password, admin,129.159.17.81,IN
"Jul 24, 2023 @ 05:39:38.000",Failed,password, admin,129.159.17.81,IN
"Jul 24, 2023 @ 05:39:36.000",Invalid,-,admin,129.159.17.81,IN
"Jul 24, 2023 @ 05:39:35.000",error:,maximum authentication attempts exceeded, admin,129.159.17.81,IN
"Jul 24, 2023 @ 05:39:33.000",Failed,password, admin,129.159.17.81,IN
"Jul 24, 2023 @ 05:39:28.000",Failed,password, admin,129.159.17.81,IN
"Jul 24, 2023 @ 05:39:26.000",Failed,password, admin,129.159.17.81,IN
"Jul 24, 2023 @ 05:39:23.000",Failed,password, admin,129.159.17.81,IN
"Jul 24, 2023 @ 05:39:21.000",Failed,password, admin,129.159.17.81,IN
"Jul 24, 2023 @ 05:39:19.000",Failed,password, admin,129.159.17.81,IN
"Jul 24, 2023 @ 05:39:17.000",Invalid,-,admin,129.159.17.81,IN
"Jul 24, 2023 @ 05:39:16.000",error:,maximum authentication attempts exceeded, admin,129.159.17.81,IN
"Jul 24, 2023 @ 05:39:15.000",Failed,password, admin,129.159.17.81,IN
"Jul 24, 2023 @ 05:39:13.000",Failed,password, admin,129.159.17.81,IN
"Jul 24, 2023 @ 05:39:10.000",Failed,password, admin,129.159.17.81,IN
"Jul 24, 2023 @ 05:39:07.000",Failed,password, admin,129.159.17.81,IN
"Jul 24, 2023 @ 05:39:04.000",Failed,password, admin,129.159.17.81,IN
"Jul 24, 2023 @ 05:39:02.000",Failed,password, admin,129.159.17.81,IN
"Jul 24, 2023 @ 05:39:00.000",Invalid,-,admin,129.159.17.81,IN
"Jul 24, 2023 @ 05:38:57.000",Failed,password,root,129.159.17.81,IN
"Jul 24, 2023 @ 05:38:54.000",Failed,password,root,129.159.17.81,IN
"Jul 24, 2023 @ 05:38:52.000",Failed,password,root,129.159.17.81,IN
"Jul 24, 2023 @ 05:38:49.000",Failed,password,root,129.159.17.81,IN
"Jul 24, 2023 @ 05:38:46.000",Failed,password,root,129.159.17.81,IN
"Jul 24, 2023 @ 05:38:43.000",error:,maximum authentication attempts exceeded,root,129.159.17.81,IN
"Jul 24, 2023 @ 05:38:42.000",Failed,password,root,129.159.17.81,IN
"Jul 24, 2023 @ 05:38:39.000",Failed,password,root,129.159.17.81,IN
"Jul 24, 2023 @ 05:38:35.000",Failed,password,root,129.159.17.81,IN
"Jul 24, 2023 @ 05:38:33.000",Failed,password,root,129.159.17.81,IN
"Jul 24, 2023 @ 05:38:31.000",Failed,password,root,129.159.17.81,IN
"Jul 24, 2023 @ 05:38:28.000",Failed,password,root,129.159.17.81,IN
"Jul 24, 2023 @ 05:38:25.000",error:,maximum authentication attempts exceeded,root,129.159.17.81,IN
"Jul 24, 2023 @ 05:38:24.000",Failed,password,root,129.159.17.81,IN
"Jul 24, 2023 @ 05:38:22.000",Failed,password,root,129.159.17.81,IN
"Jul 24, 2023 @ 05:38:20.000",Failed,password,root,129.159.17.81,IN
"Jul 24, 2023 @ 05:38:15.000",Failed,password,root,129.159.17.81,IN
"Jul 24, 2023 @ 05:38:12.000",Failed,password,root,129.159.17.81,IN
"Jul 24, 2023 @ 05:38:09.000",Failed,password,root,129.159.17.81,IN
